Workbook
Name Slicer_Match_ID: #N/A
Name Slicer_Team: #N/A

Sheet Raw Data
A1: Match ID | B1: Match Date | C1: Match Time | D1: City | E1: Stadium | F1: Team A | G1: Team B | H1: Toss Winner | I1: Toss Decision | J1: Score A | K1: Wickets A | L1: Overs Played A | M1: Maiden Overs A | N1: 4s A | O1: 6s A | P1: Boundaries A | Q1: Runrate A | R1: Leg Byes A | S1: Byes A | T1: Wides A | U1: No Balls A | V1: Penalty A | W1: Extras A | X1: Score B | Y1: Wickets B | Z1: Overs Played B | AA1: Maiden Overs B | AB1: 4s B | AC1: 6s B | AD1: Boundaries B | AE1: Runrate B | AF1: Leg Byes B | AG1: Byes B | AH1: Wides B | AI1: No Balls B | AJ1: Penalty B | AK1: Extras B | AL1: Wining Team | AM1: Margin | AN1: Man of the Match | AO1: Umpire 1 | AP1: Umpire 2 | AQ1: TV Umpire | AR1: Match Refree
A2: 1 | B2: 45204 | C2: 0.58333333 | D2: Ahmedabad | E2: Narendra Modi Stadium | F2: England | G2: NewZealand | H2: NewZealand | I2: Field | J2: 282 | K2: 9 | L2: 50 | M2: 2 | N2: 21 | O2: 6 | P2: 27 | Q2: 5.64 | R2: 1 | S2: 4 | T2: 3 | U2: 0 | V2: 0 | W2: 8 | X2: 283 | Y2: 1 | Z2: 36.2 | AA2: 2 | AB2: 30 | AC2: 8 | AD2: 38 | AE2: 7.78 | AF2: 0 | AG2: 0 | AH2: 6 | AI2: 0 | AJ2: 0 | AK2: 6 | AL2: NewZealand | AM2: 9 Wickets | AN2: Rachin Ravindra | AO2: Kumar Dharmasena | AP2: Nitin Menon | AQ2: Paul Wilson | AR2: Javagal Srinath
A3: 2 | B3: 45205 | C3: 0.58333333 | D3: Hyderabad | E3: Eden Gardens | F3: Pakistan | G3: Netherlands | H3: Netherlands | I3: Field | J3: 286 | K3: 10 | L3: 49 | M3: 1 | N3: 33 | O3: 3 | P3: 36 | Q3: 5.83 | R3: 0 | S3: 0 | T3: 9 | U3: 0 | V3: 0 | W3: 9 | X3: 205 | Y3: 10 | Z3: 41 | AA3: 1 | AB3: 20 | AC3: 4 | AD3: 24 | AE3: 5 | AF3: 0 | AG3: 0 | AH3: 8 | AI3: 1 | AJ3: 0 | AK3: 9 | AL3: Pakistan | AM3: 81 Runs | AN3: Saud Shakeel | AO3: Adrian Holdstock | AP3: Chris Brown | AQ3: Rod Tucker | AR3: Jeff Crowe
A4: 3 | B4: 45206 | C4: 0.58333333 | D4: Dharamshala | E4: HPCA Stadium | F4: Afghanistan | G4: Bangladesh | H4: Bangladesh | I4: Field | J4: 156 | K4: 10 | L4: 37.2 | M4: 1 | N4: 15 | O4: 2 | P4: 17 | Q4: 4.17 | R4: 3 | S4: 0 | T4: 4 | U4: 1 | V4: 0 | W4: 8 | X4: 158 | Y4: 4 | Z4: 34.4 | AA4: 5 | AB4: 13 | AC4: 1 | AD4: 14 | AE4: 4.55 | AF4: 0 | AG4: 0 | AH4: 8 | AI4: 0 | AJ4: 0 | AK4: 8 | AL4: Bangladesh | AM4: 6 Wickets | AN4: Mehidy Hasan Miraz | AO4: Joel Wilson | AP4: Kumar Dharmasena | AQ4: Ahsan Raza | AR4: Andy Pycroft
A5: 4 | B5: 45206 | C5: 0.58333333 | D5: Delhi | E5: Arun Jaitley Stadium | F5: South Africa | G5: Sri Lanka | H5: Sri Lanka | I5: Field | J5: 428 | K5: 5 | L5: 50 | M5: 1 | N5: 45 | O5: 14 | P5: 59 | Q5: 8.56 | R5: 5 | S5: 0 | T5: 14 | U5: 1 | V5: 0 | W5: 20 | X5: 326 | Y5: 10 | Z5: 44.5 | AA5: 1 | AB5: 31 | AC5: 17 | AD5: 48 | AE5: 7.27 | AF5: 1 | AG5: 0 | AH5: 21 | AI5: 1 | AJ5: 0 | AK5: 23 | AL5: South Africa | AM5: 102 Runs | AN5: Aiden Markram | AO5: Richard Illingworth | AP5: Sharfuddoula | AQ5: Michael Gough | AR5: Javagal Srinath
A6: 5 | B6: 45207 | C6: 0.58333333 | D6: Chennai | E6: M. A. Chidambaram Stadium | F6: Australia | G6: India | H6: Australia | I6: Bat | J6: 199 | K6: 10 | L6: 49.3 | M6: 1 | N6: 16 | O6: 2 | P6: 18 | Q6: 4.02 | R6: 1 | S6: 1 | T6: 5 | U6: 1 | V6: 0 | W6: 8 | X6: 201 | Y6: 4 | Z6: 41.2 | AA6: 4 | AB6: 14 | AC6: 3 | AD6: 17 | AE6: 4.86 | AF6: 6 | AG6: 0 | AH6: 6 | AI6: 0 | AJ6: 0 | AK6: 12 | AL6: India | AM6: 6 wickets | AN6: KL Rahul | AO6: Chris Gaffaney | AP6: Richard Kettleborough | AQ6: Chris Brown | AR6: Richie Richardson
A7: 6 | B7: 45208 | C7: 0.58333333 | D7: Hyderabad | E7: Rajiv Gandhi International Stadium | F7: NewZealand | G7: Netherlands | H7: Netherlands | I7: Field | J7: 322 | K7: 7 | L7: 50 | M7: 0 | N7: 30 | O7: 10 | P7: 40 | Q7: 6.44 | R7: 1 | S7: 0 | T7: 2 | U7: 1 | V7: 0 | W7: 4 | X7: 223 | Y7: 10 | Z7: 46.3 | AA7: 3 | AB7: 19 | AC7: 3 | AD7: 22 | AE7: 4.79 | AF7: 3 | AG7: 0 | AH7: 8 | AI7: 2 | AJ7: 0 | AK7: 13 | AL7: NewZealand | AM7: 99 Runs | AN7: Mitchell Santner | AO7: Paul Reiffel | AP7: Rod Tucker | AQ7: Joel Wilson | AR7: Andy Pycroft
A8: 7 | B8: 45209 | C8: 0.4375 | D8: Dharamshala | E8: HPCA Stadium | F8: England | G8: Bangladesh | H8: Bangladesh | I8: Field | J8: 364 | K8: 9 | L8: 50 | M8: 1 | N8: 41 | O8: 7 | P8: 48 | Q8: 7.28 | R8: 4 | S8: 0 | T8: 3 | U8: 0 | V8: 0 | W8: 7 | X8: 227 | Y8: 10 | Z8: 48.2 | AA8: 0 | AB8: 17 | AC8: 3 | AD8: 20 | AE8: 4.69 | AF8: 2 | AG8: 1 | AH8: 4 | AI8: 0 | AJ8: 0 | AK8: 7 | AL8: England | AM8: 137 Runs | AN8: Dawid Malan | AO8: Ahsan Raza | AP8: Paul Wilson | AQ8: Adrian Holdstock | AR8: Javagal Srinath
A9: 8 | B9: 45209 | C9: 0.58333333 | D9: Hyderabad | E9: Rajiv Gandhi International Stadium | F9: Sri Lanka | G9: Pakistan | H9: Sri Lanka | I9: Bat | J9: 344 | K9: 9 | L9: 50 | M9: 0 | N9: 36 | O9: 9 | P9: 45 | Q9: 6.88 | R9: 0 | S9: 0 | T9: 25 | U9: 1 | V9: 0 | W9: 26 | X9: 345 | Y9: 4 | Z9: 48.2 | AA9: 0 | AB9: 26 | AC9: 6 | AD9: 32 | AE9: 7.13 | AF9: 2 | AG9: 2 | AH9: 9 | AI9: 1 | AJ9: 0 | AK9: 14 | AL9: Pakistan | AM9: 6 Wickets | AN9: Mohammad Rizwan | AO9: Chris Gaffaney | AP9: Alex Wharf | AQ9: Nitin Menon | AR9: Andy Pycroft
A10: 9 | B10: 45210 | C10: 0.58333333 | D10: Delhi | E10: Arun Jaitley Stadium | F10: Afghanistan | G10: India | H10: Afghanistan | I10: Bat | J10: 272 | K10: 8 | L10: 50 | M10: 0 | N10: 25 | O10: 7 | P10: 32 | Q10: 5.44 | R10: 4 | S10: 1 | T10: 10 | U10: 0 | V10: 0 | W10: 15 | X10: 273 | Y10: 2 | Z10: 35 | AA10: 0 | AB10: 28 | AC10: 8 | AD10: 36 | AE10: 7.8 | AF10: 3 | AG10: 2 | AH10: 8 | AI10: 2 | AJ10: 0 | AK10: 15 | AL10: India | AM10: 8 Wickets | AN10: Rohit Sharma | AO10: Michael Gough | AP10: Paul Reiffel | AQ10: Marais Erasmus | AR10: Jeff Crowe
A11: 10 | B11: 45211 | C11: 0.58333333 | D11: Lucknow | E11: BRSABV Ekana Cricket Stadium | F11: South Africa | G11: Australia | H11: Australia | I11: Field | J11: 311 | K11: 7 | L11: 50 | M11: 3 | N11: 26 | O11: 8 | P11: 34 | Q11: 6.22 | R11: 4 | S11: 0 | T11: 11 | U11: 2 | V11: 0 | W11: 17 | X11: 177 | Y11: 10 | Z11: 40.5 | AA11: 2 | AB11: 19 | AC11: 0 | AD11: 19 | AE11: 4.33 | AF11: 2 | AG11: 4 | AH11: 7 | AI11: 0 | AJ11: 0 | AK11: 13 | AL11: South Africa | AM11: 134 Runs | AN11: Quinton de Kock | AO11: Joel Wilson | AP11: Richard Illingworth | AQ11: Richard Kettleborough | AR11: Javagal Srinath
A12: 11 | B12: 45212 | C12: 0.58333333 | D12: Chennai | E12: M. A. Chidambaram Stadium | F12: Bangladesh | G12: NewZealand | H12: NewZealand | I12: Field | J12: 245 | K12: 9 | L12: 50 | M12: 1 | N12: 20 | O12: 8 | P12: 28 | Q12: 4.9 | R12: 1 | S12: 0 | T12: 10 | U12: 0 | V12: 0 | W12: 11 | X12: 248 | Y12: 2 | Z12: 42.5 | AA12: 1 | AB12: 20 | AC12: 6 | AD12: 26 | AE12: 5.78 | AF12: 1 | AG12: 0 | AH12: 4 | AI12: 4 | AJ12: 0 | AK12: 9 | AL12: NewZealand | AM12: 8 Wickets | AN12: Lockie Ferguson | AO12: Kumar Dharmasena | AP12: Nitin Menon | AQ12: Michael Gough | AR12: Richie Richardson
A13: 12 | B13: 45213 | C13: 0.58333333 | D13: Ahmedabad | E13: Narendra Modi Stadium | F13: Pakistan | G13: India | H13: India | I13: Field | J13: 191 | K13: 10 | L13: 42.5 | M13: 0 | N13: 26 | O13: 0 | P13: 26 | Q13: 4.45 | R13: 5 | S13: 0 | T13: 1 | U13: 0 | V13: 0 | W13: 6 | X13: 192 | Y13: 3 | Z13: 30.3 | AA13: 1 | AB13: 17 | AC13: 8 | AD13: 25 | AE13: 6.29 | AF13: 2 | AG13: 1 | AH13: 1 | AI13: 0 | AJ13: 0 | AK13: 4 | AL13: India | AM13: 7 Wickets | AN13: Jasprit Bumrah | AO13: Richard Illingworth | AP13: Marais Erasmus | AQ13: Richard Kettleborough | AR13: Andy Pycroft
... A31: 30 | B31: 45229 | C31: 0.58333333 | D31: Pune | E31: Maharashtra Cricket Association Stadium | F31: Sri Lanka | G31: Afghanistan | H31: Afghanistan | I31: Field | J31: 241 | K31: 10 | L31: 49.3 | M31: 0 | N31: 19 | O31: 2 | P31: 21 | Q31: 4.86 | R31: 1 | S31: 0 | T31: 9 | U31: 0 | V31: 0 | W31: 10 | X31: 242 | Y31: 3 | Z31: 45.2 | AA31: 1 | AB31: 19 | AC31: 5 | AD31: 24 | AE31: 5.33 | AF31: 2 | AG31: 0 | AH31: 9 | AI31: 0 | AJ31: 0 | AK31: 11 | AL31: Afghanistan | AM31: 7 Wickets | AN31: Fazalhaq Farooqi | AO31: Richard Illingworth | AP31: Chris Gaffaney | AQ31: Alex Wharf | AR31: Javagal Srinath
A32: 31 | B32: 31-11-2023 | C32: 0.58333333 | D32: Kolkata | E32: Eden Gardens | F32: Bangladesh | G32: Pakistan | H32: Bangladesh | I32: Bat | J32: 205 | K32: 3 | L32: 32.3 | M32: 2 | N32: 19 | O32: 3 | P32: 22 | Q32: 6.3 | R32: 2 | S32: 0 | T32: 2 | U32: 0 | V32: 0 | W32: 4 | X32: 204 | Y32: 10 | Z32: 45.1 | AA32: 2 | AB32: 19 | AC32: 9 | AD32: 28 | AE32: 4.51 | AF32: 4 | AG32: 0 | AH32: 5 | AI32: 0 | AJ32: 0 | AK32: 9 | AL32: Pakistan | AM32: 7 Wickets | AN32: Fakhar Zaman | AO32: Richard Kettleborough | AP32: Nitin Menon | AQ32: Adrian Holdstock | AR32: Andy Pycroft
A33: 32 | B33: 45231 | C33: 0.58333333 | D33: Pune | E33: Maharashtra Cricket Association Stadium | F33: South Africa | G33: NewZealand | H33: NewZealand | I33: Field | J33: 357 | K33: 4 | L33: 50 | M33: 4 | N33: 26 | O33: 15 | P33: 41 | Q33: 7.14 | R33: 1 | S33: 4 | T33: 6 | U33: 1 | V33: 0 | W33: 12 | X33: 167 | Y33: 10 | Z33: 35.3 | AA33: 1 | AB33: 17 | AC33: 4 | AD33: 21 | AE33: 4.7 | AF33: 4 | AG33: 0 | AH33: 8 | AI33: 0 | AJ33: 0 | AK33: 12 | AL33: South Africa | AM33: 190 Runs | AN33: Rassie van der Dussen | AO33: Kumar Dharmasena | AP33: Ahsan Raza | AQ33: Sharfuddoula | AR33: Richie Richardson
A34: 33 | B34: 45232 | C34: 0.58333333 | D34: Mumbai | E34: Wankhede Stadium | F34: India | G34: Sri Lanka | H34: Sri Lanka | I34: Field | J34: 357 | K34: 8 | L34: 50 | M34: 4 | N34: 31 | O34: 9 | P34: 40 | Q34: 7.14 | R34: 1 | S34: 5 | T34: 4 | U34: 0 | V34: 0 | W34: 10 | X34: 55 | Y34: 10 | Z34: 19.4 | AA34: 2 | AB34: 6 | AC34: 0 | AD34: 6 | AE34: 2.79 | AF34: 6 | AG34: 5 | AH34: 8 | AI34: 1 | AJ34: 0 | AK34: 20 | AL34: India | AM34: 302 Runs | AN34: Mohammed Shami | AO34: Chris Brown | AP34: Paul Reiffel | AQ34: Rod Tucker | AR34: Jeff Crowe
A35: 34 | B35: 45233 | C35: 0.4375 | D35: Lucknow | E35: BRSABV Ekana Cricket Stadium | F35: Netherlands | G35: Afghanistan | H35: Netherlands | I35: Bat | J35: 181 | K35: 3 | L35: 31.3 | M35: 0 | N35: 19 | O35: 0 | P35: 19 | Q35: 5.74 | R35: 3 | S35: 0 | T35: 7 | U35: 2 | V35: 0 | W35: 12 | X35: 179 | Y35: 10 | Z35: 46.3 | AA35: 1 | AB35: 21 | AC35: 0 | AD35: 21 | AE35: 3.84 | AF35: 2 | AG35: 0 | AH35: 14 | AI35: 0 | AJ35: 0 | AK35: 16 | AL35: Afghanistan | AM35: 7 Wickets | AN35: Mohammad Nabi | AO35: Nitin Menon | AP35: Sharfuddoula | AQ35: Michael Gough | AR35: Javagal Srinath
A36: 35 | B36: 45234 | C36: 0.58333333 | D36: Bangalore | E36: M. Chinnaswamy Stadium | F36: NewZealand | G36: Pakistan | H36: Pakistan | I36: Field | J36: 401 | K36: 6 | L36: 50 | M36: 1 | N36: 46 | O36: 8 | P36: 54 | Q36: 8.02 | R36: 1 | S36: 0 | T36: 3 | U36: 0 | V36: 0 | W36: 4 | X36: 200 | Y36: 1 | Z36: 25.3 | AA36: 0 | AB36: 15 | AC36: 13 | AD36: 28 | AE36: 7.84 | AF36: 8 | AG36: 0 | AH36: 17 | AI36: 1 | AJ36: 0 | AK36: 26 | AL36: Pakistan | AM36: 21 Runs DLS Method | AN36: Fakhar Zaman | AO36: Paul Wilson | AP36: Richard Kettleborough | AQ36: Richard Illingworth | AR36: Richie Richardson
A37: 36 | B37: 45234 | C37: 0.58333333 | D37: Ahmedabad | E37: Narendra Modi Stadium | F37: Australia | G37: England | H37: England | I37: Field | J37: 286 | K37: 10 | L37: 49.3 | M37: 2 | N37: 25 | O37: 3 | P37: 28 | Q37: 5.77 | R37: 6 | S37: 0 | T37: 8 | U37: 0 | V37: 0 | W37: 14 | X37: 253 | Y37: 10 | Z37: 48.1 | AA37: 1 | AB37: 22 | AC37: 6 | AD37: 28 | AE37: 5.25 | AF37: 6 | AG37: 0 | AH37: 4 | AI37: 0 | AJ37: 0 | AK37: 10 | AL37: Australia | AM37: 33 Runs | AN37: Adam Zampa | AO37: Chris Gaffaney | AP37: Marais Erasmus | AQ37: Adrian Holdstock | AR37: Jeff Crowe
A38: 37 | B38: 45235 | C38: 0.58333333 | D38: Kolkata | E38: Eden Gardens | F38: India | G38: South Africa | H38: India | I38: Bat | J38: 326 | K38: 5 | L38: 50 | M38: 3 | N38: 35 | O38: 6 | P38: 41 | Q38: 6.52 | R38: 0 | S38: 0 | T38: 2 | U38: 0 | V38: 0 | W38: 2 | X38: 83 | Y38: 10 | Z38: 27.1 | AA38: 1 | AB38: 10 | AC38: 0 | AD38: 10 | AE38: 3.05 | AF38: 2 | AG38: 0 | AH38: 22 | AI38: 2 | AJ38: 0 | AK38: 26 | AL38: India | AM38: 243 Runs | AN38: Virat Kohli | AO38: Paul Reiffel | AP38: Kumar Dharmasena | AQ38: Chris Brown | AR38: Andy Pycroft
A39: 38 | B39: 45236 | C39: 0.58333333 | D39: Delhi | E39: Arun Jaitley Stadium | F39: Sri Lanka | G39: Bangladesh | H39: Bangladesh | I39: Field | J39: 279 | K39: 10 | L39: 49.3 | M39: 2 | N39: 27 | O39: 7 | P39: 34 | Q39: 5.63 | R39: 13 | S39: 0 | T39: 10 | U39: 0 | V39: 0 | W39: 23 | X39: 282 | Y39: 7 | Z39: 41.1 | AA39: 1 | AB39: 33 | AC39: 7 | AD39: 40 | AE39: 6.85 | AF39: 2 | AG39: 0 | AH39: 4 | AI39: 0 | AJ39: 0 | AK39: 6 | AL39: Bangladesh | AM39: 3 Wickets | AN39: Shakib Al Hasan | AO39: Richard Illingworth | AP39: Marais Erasmus | AQ39: Nitin Menon | AR39: Richie Richardson
A40: 39 | B40: 45237 | C40: 0.58333333 | D40: Mumbai | E40: Wankhede Stadium | F40: Australia | G40: Afghanistan | H40: Afghanistan | I40: Bat | J40: 293 | K40: 7 | L40: 46.5 | M40: 0 | N40: 30 | O40: 12 | P40: 42 | Q40: 6.25 | R40: 5 | S40: 0 | T40: 10 | U40: 1 | V40: 0 | W40: 16 | X40: 291 | Y40: 5 | Z40: 50 | AA40: 3 | AB40: 16 | AC40: 9 | AD40: 25 | AE40: 5.82 | AF40: 1 | AG40: 4 | AH40: 10 | AI40: 0 | AJ40: 0 | AK40: 15 | AL40: Australia | AM40: 3 Wickets | AN40: Glenn Maxwell | AO40: Michael Gough | AP40: Alex Wharf | AQ40: Chris Gaffaney | AR40: Jeff Crowe
A41: 40 | B41: 45238 | C41: 0.58333333 | D41: Pune | E41: Maharashtra Cricket Association Stadium | F41: England | G41: Netherlands | H41: England | I41: Bat | J41: 179 | K41: 10 | L41: 37.2 | M41: 2 | N41: 26 | O41: 10 | P41: 36 | Q41: 4.79 | R41: 4 | S41: 0 | T41: 4 | U41: 0 | V41: 0 | W41: 8 | X41: 339 | Y41: 9 | Z41: 50 | AA41: 0 | AB41: 15 | AC41: 6 | AD41: 21 | AE41: 6.78 | AF41: 0 | AG41: 0 | AH41: 20 | AI41: 1 | AJ41: 0 | AK41: 21 | AL41: England | AM41: 160 Runs | AN41: Ben Stokes | AO41: Ahsan Raza | AP41: Rod Tucker | AQ41: Marais Erasmus | AR41: Andy Pycroft
A42: 41 | B42: 45239 | C42: 0.58333333 | D42: Bangalore | E42: M. Chinnaswamy Stadium | F42: NewZealand | G42: Sri Lanka | H42: NewZealand | I42: Field | J42: 171 | K42: 10 | L42: 46.4 | M42: 7 | N42: 23 | O42: 5 | P42: 28 | Q42: 3.66 | R42: 1 | S42: 0 | T42: 3 | U42: 0 | V42: 0 | W42: 4 | X42: 172 | Y42: 5 | Z42: 23.2 | AA42: 1 | AB42: 21 | AC42: 3 | AD42: 24 | AE42: 7.37 | AF42: 0 | AG42: 0 | AH42: 2 | AI42: 0 | AJ42: 0 | AK42: 2 | AL42: NewZealand | AM42: 5 Wickets | AN42: Trent Boult | AO42: Adrian Holdstock | AP42: Joel Wilson | AQ42: Richard Kettleborough | AR42: Javagal Srinath
A43: 42 | B43: 45240 | C43: 0.4375 | D43: Ahmedabad | E43: Narendra Modi Stadium | F43: Afghanistan | G43: South Africa | H43: Afghanistan | I43: Bat | J43: 244 | K43: 10 | L43: 50 | M43: 2 | N43: 20 | O43: 6 | P43: 26 | Q43: 4.88 | R43: 3 | S43: 0 | T43: 6 | U43: 0 | V43: 0 | W43: 9 | X43: 247 | Y43: 5 | Z43: 47.3 | AA43: 2 | AB43: 15 | AC43: 9 | AD43: 24 | AE43: 5,20 | AF43: 1 | AG43: 4 | AH43: 10 | AI43: 0 | AJ43: 0 | AK43: 15 | AL43: South Africa | AM43: 5 Wickets | AN43: Rassie van der Dussen | AO43: Nitin Menon | AP43: Chris Brown | AQ43: Kumar Dharmasena | AR43: Jeff Crowe
A44: 43 | B44: 45241 | C44: 0.58333333 | D44: Pune | E44: Maharashtra Cricket Association Stadium | F44: Australia | G44: Bangladesh | H44: Australia | I44: Field | J44: 306 | K44: 8 | L44: 50 | M44: 1 | N44: 29 | O44: 10 | P44: 39 | Q44: 6.12 | R44: 10 | S44: 0 | T44: 12 | U44: 2 | V44: 0 | W44: 24 | X44: 307 | Y44: 2 | Z44: 44.4 | AA44: 1 | AB44: 27 | AC44: 6 | AD44: 33 | AE44: 6.87 | AF44: 0 | AG44: 0 | AH44: 4 | AI44: 0 | AJ44: 0 | AK44: 4 | AL44: Australia | AM44: 8 Wickets | AN44: Mitchell Marsh | AO44: Ahsan Raza | AP44: Marais Erasmus | AQ44: Richard Illingworth | AR44: Andy Pycroft
A45: 44 | B45: 45241 | C45: 0.58333333 | D45: Kolkata | E45: Eden Gardens | F45: England | G45: Pakistan | H45: England | I45: Bat | J45: 244 | K45: 10 | L45: 50 | M45: 1 | N45: 27 | O45: 6 | P45: 33 | Q45: 6.74 | R45: 2 | S45: 5 | T45: 12 | U45: 0 | V45: 0 | W45: 19 | X45: 337 | Y45: 9 | Z45: 43.3 | AA45: 0 | AB45: 35 | AC45: 8 | AD45: 43 | AE45: 5.6 | AF45: 1 | AG45: 0 | AH45: 5 | AI45: 0 | AJ45: 0 | AK45: 6 | AL45: England | AM45: 93 Runs | AN45: David Willey | AO45: Paul Wilson | AP45: Rod Tucker | AQ45: Sharfuddoula | AR45: Javagal Srinath
A46: 45 | B46: 45242 | C46: 0.58333333 | D46: Bangalore | E46: M. Chinnaswamy Stadium | F46: India | G46: Netherlands | H46: India | I46: Bat | J46: 410 | K46: 4 | L46: 50 | M46: 3 | N46: 37 | O46: 16 | P46: 53 | Q46: 8.2 | R46: 9 | S46: 0 | T46: 4 | U46: 0 | V46: 0 | W46: 13 | X46: 250 | Y46: 10 | Z46: 47.5 | AA46: 0 | AB46: 19 | AC46: 9 | AD46: 28 | AE46: 5.22 | AF46: 1 | AG46: 0 | AH46: 13 | AI46: 1 | AJ46: 0 | AK46: 15 | AL46: India | AM46: 160 Runs | AN46: Shreyas Iyer | AO46: Michael Gough | AP46: Chris Gaffaney | AQ46: Joel Wilson | AR46: Richie Richardson
A47: 46 | B47: 45245 | C47: 0.58333333 | D47: Mumbai | E47: Wankhede Stadium | F47: India | G47: NewZealand | H47: India | I47: Bat | J47: 397 | K47: 4 | L47: 50 | M47: 1 | N47: 30 | O47: 19 | P47: 49 | Q47: 7.94 | R47: 5 | S47: 4 | T47: 19 | U47: 1 | V47: 0 | W47: 29 | X47: 327 | Y47: 10 | Z47: 48.5 | AA47: 1 | AB47: 29 | AC47: 11 | AD47: 40 | AE47: 6.69 | AF47: 1 | AG47: 1 | AH47: 6 | AI47: 0 | AJ47: 0 | AK47: 8 | AL47: India | AM47: 70 Runs | AN47: Mohammed Shami | AO47: Richard Illingworth | AP47: Rod Tucker | AQ47: Joel Wilson | AR47: Andy Pycroft
A48: 47 | B48: 45246 | C48: 0.58333333 | D48: Kolkata | E48: Eden Gardens | F48: Australia | G48: South Africa | H48: South Africa | I48: Bat | J48: 215 | K48: 7 | L48: 47.2 | M48: 4 | N48: 21 | O48: 6 | P48: 27 | Q48: 4.54 | R48: 4 | S48: 0 | T48: 7 | U48: 0 | V48: 0 | W48: 11 | X48: 212 | Y48: 10 | Z48: 49.4 | AA48: 1 | AB48: 16 | AC48: 8 | AD48: 24 | AE48: 4.26 | AF48: 3 | AG48: 0 | AH48: 12 | AI48: 2 | AJ48: 0 | AK48: 17 | AL48: Australia | AM48: 3 Wickets | AN48: Travis Head | AO48: Nitin Menon | AP48: Richard Kettleborough | AQ48: Chris Gaffaney | AR48: Javagal Srinath
A49: 48 | B49: 45249 | C49: 0.58333333 | D49: Ahmedabad | E49: Narendra Modi Stadium | F49: India | G49: Australia | H49: Australia | I49: Field | J49: 240 | K49: 10 | L49: 50 | M49: 3 | N49: 13 | O49: 3 | P49: 16 | Q49: 4.8 | R49: 2 | S49: 5 | T49: 11 | U49: 0 | V49: 0 | W49: 18 | X49: 241 | Y49: 4 | Z49: 43 | AA49: 0 | AB49: 22 | AC49: 5 | AD49: 27 | AE49: 5.6 | AF49: 3 | AG49: 0 | AH49: 9 | AI49: 0 | AJ49: 0 | AK49: 12 | AL49: Australia | AM49: 6 Wickets | AN49: Travis Head | AO49: Richard Illingworth | AP49: Richard Kettleborough | AQ49: Joel Wilson | AR49: Andy Pycroft

Sheet Table A
A1: Match ID | B1: Match Date | C1: Match Time | D1: City | E1: Stadium | F1: Team A | G1: Team B | H1: Toss Winner | I1: Toss Decision | J1: Score A | K1: Wickets A | L1: Overs Played A | M1: Maiden Overs A | N1: 4s A | O1: 6s A | P1: Boundaries A | Q1: Runrate A | R1: Leg Byes A | S1: Byes A | T1: Wides A | U1: No Balls A | V1: Penalty A | W1: Extras A | X1: Score B | Y1: Wickets B | Z1: Overs Played B | AA1: Maiden Overs B | AB1: 4s B | AC1: 6s B | AD1: Boundaries B | AE1: Runrate B | AF1: Leg Byes B | AG1: Byes B | AH1: Wides B | AI1: No Balls B | AJ1: Penalty B | AK1: Extras B | AL1: Wining Team | AM1: Losing team | AN1: Margin | AO1: Man of the Match | AP1: Umpire 1 | AQ1: Umpire 2 | AR1: TV Umpire | AS1: Match Refree | AT1: Toss and Match Winner
A2: 1 | B2: 45204 | C2: 0.58333333 | D2: Ahmedabad | E2: Narendra Modi Stadium | F2: England | G2: NewZealand | H2: NewZealand | I2: Field | J2: 282 | K2: 9 | L2: 50 | M2: 2 | N2: 21 | O2: 6 | P2: 27 | Q2: 5.64 | R2: 1 | S2: 4 | T2: 3 | U2: 0 | V2: 0 | W2: 8 | X2: 283 | Y2: 1 | Z2: 36.2 | AA2: 2 | AB2: 30 | AC2: 8 | AD2: 38 | AE2: 7.78 | AF2: 0 | AG2: 0 | AH2: 6 | AI2: 0 | AJ2: 0 | AK2: 6 | AL2: NewZealand | AM2: =IF(AL2=F2,G2,F2) -> England | AN2: 9 Wickets | AO2: Rachin Ravindra | AP2: Kumar Dharmasena | AQ2: Nitin Menon | AR2: Paul Wilson | AS2: Javagal Srinath | AT2: =IF(AL2=H2,"yes","No") -> yes
A3: 2 | B3: 45205 | C3: 0.58333333 | D3: Hyderabad | E3: Eden Gardens | F3: Pakistan | G3: Netherlands | H3: Netherlands | I3: Field | J3: 286 | K3: 10 | L3: 49 | M3: 1 | N3: 33 | O3: 3 | P3: 36 | Q3: 5.83 | R3: 0 | S3: 0 | T3: 9 | U3: 0 | V3: 0 | W3: 9 | X3: 205 | Y3: 10 | Z3: 41 | AA3: 1 | AB3: 20 | AC3: 4 | AD3: 24 | AE3: 5 | AF3: 0 | AG3: 0 | AH3: 8 | AI3: 1 | AJ3: 0 | AK3: 9 | AL3: Pakistan | AM3: =IF(AL3=F3,G3,F3) -> Netherlands | AN3: 81 Runs | AO3: Saud Shakeel | AP3: Adrian Holdstock | AQ3: Chris Brown | AR3: Rod Tucker | AS3: Jeff Crowe | AT3: =IF(AL3=H3,"yes","No") -> No
A4: 3 | B4: 45206 | C4: 0.58333333 | D4: Dharamshala | E4: HPCA Stadium | F4: Afghanistan | G4: Bangladesh | H4: Bangladesh | I4: Field | J4: 156 | K4: 10 | L4: 37.2 | M4: 1 | N4: 15 | O4: 2 | P4: 17 | Q4: 4.17 | R4: 3 | S4: 0 | T4: 4 | U4: 1 | V4: 0 | W4: 8 | X4: 158 | Y4: 4 | Z4: 34.4 | AA4: 5 | AB4: 13 | AC4: 1 | AD4: 14 | AE4: 4.55 | AF4: 0 | AG4: 0 | AH4: 8 | AI4: 0 | AJ4: 0 | AK4: 8 | AL4: Bangladesh | AM4: =IF(AL4=F4,G4,F4) -> Afghanistan | AN4: 6 Wickets | AO4: Mehidy Hasan Miraz | AP4: Joel Wilson | AQ4: Kumar Dharmasena | AR4: Ahsan Raza | AS4: Andy Pycroft | AT4: =IF(AL4=H4,"yes","No") -> yes
A5: 4 | B5: 45206 | C5: 0.58333333 | D5: Delhi | E5: Arun Jaitley Stadium | F5: South Africa | G5: Sri Lanka | H5: Sri Lanka | I5: Field | J5: 428 | K5: 5 | L5: 50 | M5: 1 | N5: 45 | O5: 14 | P5: 59 | Q5: 8.56 | R5: 5 | S5: 0 | T5: 14 | U5: 1 | V5: 0 | W5: 20 | X5: 326 | Y5: 10 | Z5: 44.5 | AA5: 1 | AB5: 31 | AC5: 17 | AD5: 48 | AE5: 7.27 | AF5: 1 | AG5: 0 | AH5: 21 | AI5: 1 | AJ5: 0 | AK5: 23 | AL5: South Africa | AM5: =IF(AL5=F5,G5,F5) -> Sri Lanka | AN5: 102 Runs | AO5: Aiden Markram | AP5: Richard Illingworth | AQ5: Sharfuddoula | AR5: Michael Gough | AS5: Javagal Srinath | AT5: =IF(AL5=H5,"yes","No") -> No
A6: 5 | B6: 45207 | C6: 0.58333333 | D6: Chennai | E6: M. A. Chidambaram Stadium | F6: Australia | G6: India | H6: Australia | I6: Bat | J6: 199 | K6: 10 | L6: 49.3 | M6: 1 | N6: 16 | O6: 2 | P6: 18 | Q6: 4.02 | R6: 1 | S6: 1 | T6: 5 | U6: 1 | V6: 0 | W6: 8 | X6: 201 | Y6: 4 | Z6: 41.2 | AA6: 4 | AB6: 14 | AC6: 3 | AD6: 17 | AE6: 4.86 | AF6: 6 | AG6: 0 | AH6: 6 | AI6: 0 | AJ6: 0 | AK6: 12 | AL6: India | AM6: =IF(AL6=F6,G6,F6) -> Australia | AN6: 6 wickets | AO6: KL Rahul | AP6: Chris Gaffaney | AQ6: Richard Kettleborough | AR6: Chris Brown | AS6: Richie Richardson | AT6: =IF(AL6=H6,"yes","No") -> No
A7: 6 | B7: 45208 | C7: 0.58333333 | D7: Hyderabad | E7: Rajiv Gandhi International Stadium | F7: NewZealand | G7: Netherlands | H7: Netherlands | I7: Field | J7: 322 | K7: 7 | L7: 50 | M7: 0 | N7: 30 | O7: 10 | P7: 40 | Q7: 6.44 | R7: 1 | S7: 0 | T7: 2 | U7: 1 | V7: 0 | W7: 4 | X7: 223 | Y7: 10 | Z7: 46.3 | AA7: 3 | AB7: 19 | AC7: 3 | AD7: 22 | AE7: 4.79 | AF7: 3 | AG7: 0 | AH7: 8 | AI7: 2 | AJ7: 0 | AK7: 13 | AL7: NewZealand | AM7: =IF(AL7=F7,G7,F7) -> Netherlands | AN7: 99 Runs | AO7: Mitchell Santner | AP7: Paul Reiffel | AQ7: Rod Tucker | AR7: Joel Wilson | AS7: Andy Pycroft | AT7: =IF(AL7=H7,"yes","No") -> No
A8: 7 | B8: 45209 | C8: 0.4375 | D8: Dharamshala | E8: HPCA Stadium | F8: England | G8: Bangladesh | H8: Bangladesh | I8: Field | J8: 364 | K8: 9 | L8: 50 | M8: 1 | N8: 41 | O8: 7 | P8: 48 | Q8: 7.28 | R8: 4 | S8: 0 | T8: 3 | U8: 0 | V8: 0 | W8: 7 | X8: 227 | Y8: 10 | Z8: 48.2 | AA8: 0 | AB8: 17 | AC8: 3 | AD8: 20 | AE8: 4.69 | AF8: 2 | AG8: 1 | AH8: 4 | AI8: 0 | AJ8: 0 | AK8: 7 | AL8: England | AM8: =IF(AL8=F8,G8,F8) -> Bangladesh | AN8: 137 Runs | AO8: Dawid Malan | AP8: Ahsan Raza | AQ8: Paul Wilson | AR8: Adrian Holdstock | AS8: Javagal Srinath | AT8: =IF(AL8=H8,"yes","No") -> No
A9: 8 | B9: 45209 | C9: 0.58333333 | D9: Hyderabad | E9: Rajiv Gandhi International Stadium | F9: Sri Lanka | G9: Pakistan | H9: Sri Lanka | I9: Bat | J9: 344 | K9: 9 | L9: 50 | M9: 0 | N9: 36 | O9: 9 | P9: 45 | Q9: 6.88 | R9: 0 | S9: 0 | T9: 25 | U9: 1 | V9: 0 | W9: 26 | X9: 345 | Y9: 4 | Z9: 48.2 | AA9: 0 | AB9: 26 | AC9: 6 | AD9: 32 | AE9: 7.13 | AF9: 2 | AG9: 2 | AH9: 9 | AI9: 1 | AJ9: 0 | AK9: 14 | AL9: Pakistan | AM9: =IF(AL9=F9,G9,F9) -> Sri Lanka | AN9: 6 Wickets | AO9: Mohammad Rizwan | AP9: Chris Gaffaney | AQ9: Alex Wharf | AR9: Nitin Menon | AS9: Andy Pycroft | AT9: =IF(AL9=H9,"yes","No") -> No
A10: 9 | B10: 45210 | C10: 0.58333333 | D10: Delhi | E10: Arun Jaitley Stadium | F10: Afghanistan | G10: India | H10: Afghanistan | I10: Bat | J10: 272 | K10: 8 | L10: 50 | M10: 0 | N10: 25 | O10: 7 | P10: 32 | Q10: 5.44 | R10: 4 | S10: 1 | T10: 10 | U10: 0 | V10: 0 | W10: 15 | X10: 273 | Y10: 2 | Z10: 35 | AA10: 0 | AB10: 28 | AC10: 8 | AD10: 36 | AE10: 7.8 | AF10: 3 | AG10: 2 | AH10: 8 | AI10: 2 | AJ10: 0 | AK10: 15 | AL10: India | AM10: =IF(AL10=F10,G10,F10) -> Afghanistan | AN10: 8 Wickets | AO10: Rohit Sharma | AP10: Michael Gough | AQ10: Paul Reiffel | AR10: Marais Erasmus | AS10: Jeff Crowe | AT10: =IF(AL10=H10,"yes","No") -> No
A11: 10 | B11: 45211 | C11: 0.58333333 | D11: Lucknow | E11: BRSABV Ekana Cricket Stadium | F11: South Africa | G11: Australia | H11: Australia | I11: Field | J11: 311 | K11: 7 | L11: 50 | M11: 3 | N11: 26 | O11: 8 | P11: 34 | Q11: 6.22 | R11: 4 | S11: 0 | T11: 11 | U11: 2 | V11: 0 | W11: 17 | X11: 177 | Y11: 10 | Z11: 40.5 | AA11: 2 | AB11: 19 | AC11: 0 | AD11: 19 | AE11: 4.33 | AF11: 2 | AG11: 4 | AH11: 7 | AI11: 0 | AJ11: 0 | AK11: 13 | AL11: South Africa | AM11: =IF(AL11=F11,G11,F11) -> Australia | AN11: 134 Runs | AO11: Quinton de Kock | AP11: Joel Wilson | AQ11: Richard Illingworth | AR11: Richard Kettleborough | AS11: Javagal Srinath | AT11: =IF(AL11=H11,"yes","No") -> No
A12: 11 | B12: 45212 | C12: 0.58333333 | D12: Chennai | E12: M. A. Chidambaram Stadium | F12: Bangladesh | G12: NewZealand | H12: NewZealand | I12: Field | J12: 245 | K12: 9 | L12: 50 | M12: 1 | N12: 20 | O12: 8 | P12: 28 | Q12: 4.9 | R12: 1 | S12: 0 | T12: 10 | U12: 0 | V12: 0 | W12: 11 | X12: 248 | Y12: 2 | Z12: 42.5 | AA12: 1 | AB12: 20 | AC12: 6 | AD12: 26 | AE12: 5.78 | AF12: 1 | AG12: 0 | AH12: 4 | AI12: 4 | AJ12: 0 | AK12: 9 | AL12: NewZealand | AM12: =IF(AL12=F12,G12,F12) -> Bangladesh | AN12: 8 Wickets | AO12: Lockie Ferguson | AP12: Kumar Dharmasena | AQ12: Nitin Menon | AR12: Michael Gough | AS12: Richie Richardson | AT12: =IF(AL12=H12,"yes","No") -> yes
A13: 12 | B13: 45213 | C13: 0.58333333 | D13: Ahmedabad | E13: Narendra Modi Stadium | F13: Pakistan | G13: India | H13: India | I13: Field | J13: 191 | K13: 10 | L13: 42.5 | M13: 0 | N13: 26 | O13: 0 | P13: 26 | Q13: 4.45 | R13: 5 | S13: 0 | T13: 1 | U13: 0 | V13: 0 | W13: 6 | X13: 192 | Y13: 3 | Z13: 30.3 | AA13: 1 | AB13: 17 | AC13: 8 | AD13: 25 | AE13: 6.29 | AF13: 2 | AG13: 1 | AH13: 1 | AI13: 0 | AJ13: 0 | AK13: 4 | AL13: India | AM13: =IF(AL13=F13,G13,F13) -> Pakistan | AN13: 7 Wickets | AO13: Jasprit Bumrah | AP13: Richard Illingworth | AQ13: Marais Erasmus | AR13: Richard Kettleborough | AS13: Andy Pycroft | AT13: =IF(AL13=H13,"yes","No") -> yes
... A31: 30 | B31: 45229 | C31: 0.58333333 | D31: Pune | E31: Maharashtra Cricket Association Stadium | F31: Sri Lanka | G31: Afghanistan | H31: Afghanistan | I31: Field | J31: 241 | K31: 10 | L31: 49.3 | M31: 0 | N31: 19 | O31: 2 | P31: 21 | Q31: 4.86 | R31: 1 | S31: 0 | T31: 9 | U31: 0 | V31: 0 | W31: 10 | X31: 242 | Y31: 3 | Z31: 45.2 | AA31: 1 | AB31: 19 | AC31: 5 | AD31: 24 | AE31: 5.33 | AF31: 2 | AG31: 0 | AH31: 9 | AI31: 0 | AJ31: 0 | AK31: 11 | AL31: Afghanistan | AM31: =IF(AL31=F31,G31,F31) -> Sri Lanka | AN31: 7 Wickets | AO31: Fazalhaq Farooqi | AP31: Richard Illingworth | AQ31: Chris Gaffaney | AR31: Alex Wharf | AS31: Javagal Srinath | AT31: =IF(AL31=H31,"yes","No") -> yes
A32: 31 | B32: 31-11-2023 | C32: 0.58333333 | D32: Kolkata | E32: Eden Gardens | F32: Bangladesh | G32: Pakistan | H32: Bangladesh | I32: Bat | J32: 205 | K32: 3 | L32: 32.3 | M32: 2 | N32: 19 | O32: 3 | P32: 22 | Q32: 6.3 | R32: 2 | S32: 0 | T32: 2 | U32: 0 | V32: 0 | W32: 4 | X32: 204 | Y32: 10 | Z32: 45.1 | AA32: 2 | AB32: 19 | AC32: 9 | AD32: 28 | AE32: 4.51 | AF32: 4 | AG32: 0 | AH32: 5 | AI32: 0 | AJ32: 0 | AK32: 9 | AL32: Pakistan | AM32: =IF(AL32=F32,G32,F32) -> Bangladesh | AN32: 7 Wickets | AO32: Fakhar Zaman | AP32: Richard Kettleborough | AQ32: Nitin Menon | AR32: Adrian Holdstock | AS32: Andy Pycroft | AT32: =IF(AL32=H32,"yes","No") -> No
A33: 32 | B33: 45231 | C33: 0.58333333 | D33: Pune | E33: Maharashtra Cricket Association Stadium | F33: South Africa | G33: NewZealand | H33: NewZealand | I33: Field | J33: 357 | K33: 4 | L33: 50 | M33: 4 | N33: 26 | O33: 15 | P33: 41 | Q33: 7.14 | R33: 1 | S33: 4 | T33: 6 | U33: 1 | V33: 0 | W33: 12 | X33: 167 | Y33: 10 | Z33: 35.3 | AA33: 1 | AB33: 17 | AC33: 4 | AD33: 21 | AE33: 4.7 | AF33: 4 | AG33: 0 | AH33: 8 | AI33: 0 | AJ33: 0 | AK33: 12 | AL33: South Africa | AM33: =IF(AL33=F33,G33,F33) -> NewZealand | AN33: 190 Runs | AO33: Rassie van der Dussen | AP33: Kumar Dharmasena | AQ33: Ahsan Raza | AR33: Sharfuddoula | AS33: Richie Richardson | AT33: =IF(AL33=H33,"yes","No") -> No
A34: 33 | B34: 45232 | C34: 0.58333333 | D34: Mumbai | E34: Wankhede Stadium | F34: India | G34: Sri Lanka | H34: Sri Lanka | I34: Field | J34: 357 | K34: 8 | L34: 50 | M34: 4 | N34: 31 | O34: 9 | P34: 40 | Q34: 7.14 | R34: 1 | S34: 5 | T34: 4 | U34: 0 | V34: 0 | W34: 10 | X34: 55 | Y34: 10 | Z34: 19.4 | AA34: 2 | AB34: 6 | AC34: 0 | AD34: 6 | AE34: 2.79 | AF34: 6 | AG34: 5 | AH34: 8 | AI34: 1 | AJ34: 0 | AK34: 20 | AL34: India | AM34: =IF(AL34=F34,G34,F34) -> Sri Lanka | AN34: 302 Runs | AO34: Mohammed Shami | AP34: Chris Brown | AQ34: Paul Reiffel | AR34: Rod Tucker | AS34: Jeff Crowe | AT34: =IF(AL34=H34,"yes","No") -> No
A35: 34 | B35: 45233 | C35: 0.4375 | D35: Lucknow | E35: BRSABV Ekana Cricket Stadium | F35: Netherlands | G35: Afghanistan | H35: Netherlands | I35: Bat | J35: 181 | K35: 3 | L35: 31.3 | M35: 0 | N35: 19 | O35: 0 | P35: 19 | Q35: 5.74 | R35: 3 | S35: 0 | T35: 7 | U35: 2 | V35: 0 | W35: 12 | X35: 179 | Y35: 10 | Z35: 46.3 | AA35: 1 | AB35: 21 | AC35: 0 | AD35: 21 | AE35: 3.84 | AF35: 2 | AG35: 0 | AH35: 14 | AI35: 0 | AJ35: 0 | AK35: 16 | AL35: Afghanistan | AM35: =IF(AL35=F35,G35,F35) -> Netherlands | AN35: 7 Wickets | AO35: Mohammad Nabi | AP35: Nitin Menon | AQ35: Sharfuddoula | AR35: Michael Gough | AS35: Javagal Srinath | AT35: =IF(AL35=H35,"yes","No") -> No
A36: 35 | B36: 45234 | C36: 0.58333333 | D36: Bangalore | E36: M. Chinnaswamy Stadium | F36: NewZealand | G36: Pakistan | H36: Pakistan | I36: Field | J36: 401 | K36: 6 | L36: 50 | M36: 1 | N36: 46 | O36: 8 | P36: 54 | Q36: 8.02 | R36: 1 | S36: 0 | T36: 3 | U36: 0 | V36: 0 | W36: 4 | X36: 200 | Y36: 1 | Z36: 25.3 | AA36: 0 | AB36: 15 | AC36: 13 | AD36: 28 | AE36: 7.84 | AF36: 8 | AG36: 0 | AH36: 17 | AI36: 1 | AJ36: 0 | AK36: 26 | AL36: Pakistan | AM36: =IF(AL36=F36,G36,F36) -> NewZealand | AN36: 21 Runs DLS Method | AO36: Fakhar Zaman | AP36: Paul Wilson | AQ36: Richard Kettleborough | AR36: Richard Illingworth | AS36: Richie Richardson | AT36: =IF(AL36=H36,"yes","No") -> yes
A37: 36 | B37: 45234 | C37: 0.58333333 | D37: Ahmedabad | E37: Narendra Modi Stadium | F37: Australia | G37: England | H37: England | I37: Field | J37: 286 | K37: 10 | L37: 49.3 | M37: 2 | N37: 25 | O37: 3 | P37: 28 | Q37: 5.77 | R37: 6 | S37: 0 | T37: 8 | U37: 0 | V37: 0 | W37: 14 | X37: 253 | Y37: 10 | Z37: 48.1 | AA37: 1 | AB37: 22 | AC37: 6 | AD37: 28 | AE37: 5.25 | AF37: 6 | AG37: 0 | AH37: 4 | AI37: 0 | AJ37: 0 | AK37: 10 | AL37: Australia | AM37: =IF(AL37=F37,G37,F37) -> England | AN37: 33 Runs | AO37: Adam Zampa | AP37: Chris Gaffaney | AQ37: Marais Erasmus | AR37: Adrian Holdstock | AS37: Jeff Crowe | AT37: =IF(AL37=H37,"yes","No") -> No
A38: 37 | B38: 45235 | C38: 0.58333333 | D38: Kolkata | E38: Eden Gardens | F38: India | G38: South Africa | H38: India | I38: Bat | J38: 326 | K38: 5 | L38: 50 | M38: 3 | N38: 35 | O38: 6 | P38: 41 | Q38: 6.52 | R38: 0 | S38: 0 | T38: 2 | U38: 0 | V38: 0 | W38: 2 | X38: 83 | Y38: 10 | Z38: 27.1 | AA38: 1 | AB38: 10 | AC38: 0 | AD38: 10 | AE38: 3.05 | AF38: 2 | AG38: 0 | AH38: 22 | AI38: 2 | AJ38: 0 | AK38: 26 | AL38: India | AM38: =IF(AL38=F38,G38,F38) -> South Africa | AN38: 243 Runs | AO38: Virat Kohli | AP38: Paul Reiffel | AQ38: Kumar Dharmasena | AR38: Chris Brown | AS38: Andy Pycroft | AT38: =IF(AL38=H38,"yes","No") -> yes
A39: 38 | B39: 45236 | C39: 0.58333333 | D39: Delhi | E39: Arun Jaitley Stadium | F39: Sri Lanka | G39: Bangladesh | H39: Bangladesh | I39: Field | J39: 279 | K39: 10 | L39: 49.3 | M39: 2 | N39: 27 | O39: 7 | P39: 34 | Q39: 5.63 | R39: 13 | S39: 0 | T39: 10 | U39: 0 | V39: 0 | W39: 23 | X39: 282 | Y39: 7 | Z39: 41.1 | AA39: 1 | AB39: 33 | AC39: 7 | AD39: 40 | AE39: 6.85 | AF39: 2 | AG39: 0 | AH39: 4 | AI39: 0 | AJ39: 0 | AK39: 6 | AL39: Bangladesh | AM39: =IF(AL39=F39,G39,F39) -> Sri Lanka | AN39: 3 Wickets | AO39: Shakib Al Hasan | AP39: Richard Illingworth | AQ39: Marais Erasmus | AR39: Nitin Menon | AS39: Richie Richardson | AT39: =IF(AL39=H39,"yes","No") -> yes
A40: 39 | B40: 45237 | C40: 0.58333333 | D40: Mumbai | E40: Wankhede Stadium | F40: Australia | G40: Afghanistan | H40: Afghanistan | I40: Bat | J40: 293 | K40: 7 | L40: 46.5 | M40: 0 | N40: 30 | O40: 12 | P40: 42 | Q40: 6.25 | R40: 5 | S40: 0 | T40: 10 | U40: 1 | V40: 0 | W40: 16 | X40: 291 | Y40: 5 | Z40: 50 | AA40: 3 | AB40: 16 | AC40: 9 | AD40: 25 | AE40: 5.82 | AF40: 1 | AG40: 4 | AH40: 10 | AI40: 0 | AJ40: 0 | AK40: 15 | AL40: Australia | AM40: =IF(AL40=F40,G40,F40) -> Afghanistan | AN40: 3 Wickets | AO40: Glenn Maxwell | AP40: Michael Gough | AQ40: Alex Wharf | AR40: Chris Gaffaney | AS40: Jeff Crowe | AT40: =IF(AL40=H40,"yes","No") -> No
A41: 40 | B41: 45238 | C41: 0.58333333 | D41: Pune | E41: Maharashtra Cricket Association Stadium | F41: England | G41: Netherlands | H41: England | I41: Bat | J41: 179 | K41: 10 | L41: 37.2 | M41: 2 | N41: 26 | O41: 10 | P41: 36 | Q41: 4.79 | R41: 4 | S41: 0 | T41: 4 | U41: 0 | V41: 0 | W41: 8 | X41: 339 | Y41: 9 | Z41: 50 | AA41: 0 | AB41: 15 | AC41: 6 | AD41: 21 | AE41: 6.78 | AF41: 0 | AG41: 0 | AH41: 20 | AI41: 1 | AJ41: 0 | AK41: 21 | AL41: England | AM41: =IF(AL41=F41,G41,F41) -> Netherlands | AN41: 160 Runs | AO41: Ben Stokes | AP41: Ahsan Raza | AQ41: Rod Tucker | AR41: Marais Erasmus | AS41: Andy Pycroft | AT41: =IF(AL41=H41,"yes","No") -> yes
A42: 41 | B42: 45239 | C42: 0.58333333 | D42: Bangalore | E42: M. Chinnaswamy Stadium | F42: NewZealand | G42: Sri Lanka | H42: NewZealand | I42: Field | J42: 171 | K42: 10 | L42: 46.4 | M42: 7 | N42: 23 | O42: 5 | P42: 28 | Q42: 3.66 | R42: 1 | S42: 0 | T42: 3 | U42: 0 | V42: 0 | W42: 4 | X42: 172 | Y42: 5 | Z42: 23.2 | AA42: 1 | AB42: 21 | AC42: 3 | AD42: 24 | AE42: 7.37 | AF42: 0 | AG42: 0 | AH42: 2 | AI42: 0 | AJ42: 0 | AK42: 2 | AL42: NewZealand | AM42: =IF(AL42=F42,G42,F42) -> Sri Lanka | AN42: 5 Wickets | AO42: Trent Boult | AP42: Adrian Holdstock | AQ42: Joel Wilson | AR42: Richard Kettleborough | AS42: Javagal Srinath | AT42: =IF(AL42=H42,"yes","No") -> yes
A43: 42 | B43: 45240 | C43: 0.4375 | D43: Ahmedabad | E43: Narendra Modi Stadium | F43: Afghanistan | G43: South Africa | H43: Afghanistan | I43: Bat | J43: 244 | K43: 10 | L43: 50 | M43: 2 | N43: 20 | O43: 6 | P43: 26 | Q43: 4.88 | R43: 3 | S43: 0 | T43: 6 | U43: 0 | V43: 0 | W43: 9 | X43: 247 | Y43: 5 | Z43: 47.3 | AA43: 2 | AB43: 15 | AC43: 9 | AD43: 24 | AE43: 5,20 | AF43: 1 | AG43: 4 | AH43: 10 | AI43: 0 | AJ43: 0 | AK43: 15 | AL43: South Africa | AM43: =IF(AL43=F43,G43,F43) -> Afghanistan | AN43: 5 Wickets | AO43: Rassie van der Dussen | AP43: Nitin Menon | AQ43: Chris Brown | AR43: Kumar Dharmasena | AS43: Jeff Crowe | AT43: =IF(AL43=H43,"yes","No") -> No
A44: 43 | B44: 45241 | C44: 0.58333333 | D44: Pune | E44: Maharashtra Cricket Association Stadium | F44: Australia | G44: Bangladesh | H44: Australia | I44: Field | J44: 306 | K44: 8 | L44: 50 | M44: 1 | N44: 29 | O44: 10 | P44: 39 | Q44: 6.12 | R44: 10 | S44: 0 | T44: 12 | U44: 2 | V44: 0 | W44: 24 | X44: 307 | Y44: 2 | Z44: 44.4 | AA44: 1 | AB44: 27 | AC44: 6 | AD44: 33 | AE44: 6.87 | AF44: 0 | AG44: 0 | AH44: 4 | AI44: 0 | AJ44: 0 | AK44: 4 | AL44: Australia | AM44: =IF(AL44=F44,G44,F44) -> Bangladesh | AN44: 8 Wickets | AO44: Mitchell Marsh | AP44: Ahsan Raza | AQ44: Marais Erasmus | AR44: Richard Illingworth | AS44: Andy Pycroft | AT44: =IF(AL44=H44,"yes","No") -> yes
A45: 44 | B45: 45241 | C45: 0.58333333 | D45: Kolkata | E45: Eden Gardens | F45: England | G45: Pakistan | H45: England | I45: Bat | J45: 244 | K45: 10 | L45: 50 | M45: 1 | N45: 27 | O45: 6 | P45: 33 | Q45: 6.74 | R45: 2 | S45: 5 | T45: 12 | U45: 0 | V45: 0 | W45: 19 | X45: 337 | Y45: 9 | Z45: 43.3 | AA45: 0 | AB45: 35 | AC45: 8 | AD45: 43 | AE45: 5.6 | AF45: 1 | AG45: 0 | AH45: 5 | AI45: 0 | AJ45: 0 | AK45: 6 | AL45: England | AM45: =IF(AL45=F45,G45,F45) -> Pakistan | AN45: 93 Runs | AO45: David Willey | AP45: Paul Wilson | AQ45: Rod Tucker | AR45: Sharfuddoula | AS45: Javagal Srinath | AT45: =IF(AL45=H45,"yes","No") -> yes
A46: 45 | B46: 45242 | C46: 0.58333333 | D46: Bangalore | E46: M. Chinnaswamy Stadium | F46: India | G46: Netherlands | H46: India | I46: Bat | J46: 410 | K46: 4 | L46: 50 | M46: 3 | N46: 37 | O46: 16 | P46: 53 | Q46: 8.2 | R46: 9 | S46: 0 | T46: 4 | U46: 0 | V46: 0 | W46: 13 | X46: 250 | Y46: 10 | Z46: 47.5 | AA46: 0 | AB46: 19 | AC46: 9 | AD46: 28 | AE46: 5.22 | AF46: 1 | AG46: 0 | AH46: 13 | AI46: 1 | AJ46: 0 | AK46: 15 | AL46: India | AM46: =IF(AL46=F46,G46,F46) -> Netherlands | AN46: 160 Runs | AO46: Shreyas Iyer | AP46: Michael Gough | AQ46: Chris Gaffaney | AR46: Joel Wilson | AS46: Richie Richardson | AT46: =IF(AL46=H46,"yes","No") -> yes
A47: 46 | B47: 45245 | C47: 0.58333333 | D47: Mumbai | E47: Wankhede Stadium | F47: India | G47: NewZealand | H47: India | I47: Bat | J47: 397 | K47: 4 | L47: 50 | M47: 1 | N47: 30 | O47: 19 | P47: 49 | Q47: 7.94 | R47: 5 | S47: 4 | T47: 19 | U47: 1 | V47: 0 | W47: 29 | X47: 327 | Y47: 10 | Z47: 48.5 | AA47: 1 | AB47: 29 | AC47: 11 | AD47: 40 | AE47: 6.69 | AF47: 1 | AG47: 1 | AH47: 6 | AI47: 0 | AJ47: 0 | AK47: 8 | AL47: India | AM47: =IF(AL47=F47,G47,F47) -> NewZealand | AN47: 70 Runs | AO47: Mohammed Shami | AP47: Richard Illingworth | AQ47: Rod Tucker | AR47: Joel Wilson | AS47: Andy Pycroft | AT47: =IF(AL47=H47,"yes","No") -> yes
A48: 47 | B48: 45246 | C48: 0.58333333 | D48: Kolkata | E48: Eden Gardens | F48: Australia | G48: South Africa | H48: South Africa | I48: Bat | J48: 215 | K48: 7 | L48: 47.2 | M48: 4 | N48: 21 | O48: 6 | P48: 27 | Q48: 4.54 | R48: 4 | S48: 0 | T48: 7 | U48: 0 | V48: 0 | W48: 11 | X48: 212 | Y48: 10 | Z48: 49.4 | AA48: 1 | AB48: 16 | AC48: 8 | AD48: 24 | AE48: 4.26 | AF48: 3 | AG48: 0 | AH48: 12 | AI48: 2 | AJ48: 0 | AK48: 17 | AL48: Australia | AM48: =IF(AL48=F48,G48,F48) -> South Africa | AN48: 3 Wickets | AO48: Travis Head | AP48: Nitin Menon | AQ48: Richard Kettleborough | AR48: Chris Gaffaney | AS48: Javagal Srinath | AT48: =IF(AL48=H48,"yes","No") -> No
A49: 48 | B49: 45249 | C49: 0.58333333 | D49: Ahmedabad | E49: Narendra Modi Stadium | F49: India | G49: Australia | H49: Australia | I49: Field | J49: 240 | K49: 10 | L49: 50 | M49: 3 | N49: 13 | O49: 3 | P49: 16 | Q49: 4.8 | R49: 2 | S49: 5 | T49: 11 | U49: 0 | V49: 0 | W49: 18 | X49: 241 | Y49: 4 | Z49: 43 | AA49: 0 | AB49: 22 | AC49: 5 | AD49: 27 | AE49: 5.6 | AF49: 3 | AG49: 0 | AH49: 9 | AI49: 0 | AJ49: 0 | AK49: 12 | AL49: Australia | AM49: =IF(AL49=F49,G49,F49) -> India | AN49: 6 Wickets | AO49: Travis Head | AP49: Richard Illingworth | AQ49: Richard Kettleborough | AR49: Joel Wilson | AS49: Andy Pycroft | AT49: =IF(AL49=H49,"yes","No") -> yes

Sheet Pivot Data
A1: Match ID | B1: Match Date | C1: Team | D1: Opponent | E1: Venue | F1: City | G1: Toss Winner | H1: Toss Decision | I1: Runs | J1: Wickets Lost | K1: Overs | L1: Run Rate | M1: Boundaries | N1: Extras | O1: Result | P1: Match Winner | Q1: Man of the Match | R1: MOM Country | S1: Toss and Match Winner
A2: 1 | B2: 05-10-2023 | C2: England | D2: NewZealand | E2: Narendra Modi Stadium | F2: Ahmedabad | G2: NewZealand | H2: Field | I2: 282 | J2: 9 | K2: 50 | L2: 5.64 | M2: 27 | N2: 8 | O2: Loss | P2: =IF(O2="Win",C2,D2) -> NewZealand | Q2: Rachin Ravindra | R2: NewZealand | S2: =IF(G2=P2,G2,"No") -> NewZealand
A3: 2 | B3: 05-10-2023 | C3: NewZealand | D3: England | E3: Narendra Modi Stadium | F3: Ahmedabad | G3: NewZealand | H3: Field | I3: 283 | J3: 1 | K3: 36.2 | L3: 7.78 | M3: 38 | N3: 6 | O3: Win | P3: =IF(O3="Win",C3,D3) -> NewZealand | Q3: Rachin Ravindra | R3: NewZealand | S3: =IF(G3=P3,G3,"No") -> NewZealand
A4: 3 | B4: 06-10-2023 | C4: Pakistan | D4: Netherlands | E4: Eden Gardens | F4: Hyderabad | G4: Netherlands | H4: Field | I4: 286 | J4: 10 | K4: 49 | L4: 5.83 | M4: 36 | N4: 9 | O4: Win | P4: =IF(O4="Win",C4,D4) -> Pakistan | Q4: Saud Shakeel | R4: Pakistan | S4: =IF(G4=P4,G4,"No") -> No
A5: 4 | B5: 06-10-2023 | C5: Netherlands | D5: Pakistan | E5: Eden Gardens | F5: Hyderabad | G5: Netherlands | H5: Field | I5: 205 | J5: 10 | K5: 41 | L5: 5 | M5: 24 | N5: 9 | O5: Loss | P5: =IF(O5="Win",C5,D5) -> Pakistan | Q5: Saud Shakeel | R5: Pakistan | S5: =IF(G5=P5,G5,"No") -> No
A6: 5 | B6: 07-10-2023 | C6: Afghanistan | D6: Bangladesh | E6: HPCA Stadium | F6: Dharamshala | G6: Bangladesh | H6: Field | I6: 156 | J6: 10 | K6: 37.2 | L6: 4.17 | M6: 17 | N6: 8 | O6: Loss | P6: =IF(O6="Win",C6,D6) -> Bangladesh | Q6: Mehidy Hasan Miraz | R6: Bangladesh | S6: =IF(G6=P6,G6,"No") -> Bangladesh
A7: 6 | B7: 07-10-2023 | C7: Bangladesh | D7: Afghanistan | E7: HPCA Stadium | F7: Dharamshala | G7: Bangladesh | H7: Field | I7: 158 | J7: 4 | K7: 34.4 | L7: 4.55 | M7: 14 | N7: 8 | O7: Win | P7: =IF(O7="Win",C7,D7) -> Bangladesh | Q7: Mehidy Hasan Miraz | R7: Bangladesh | S7: =IF(G7=P7,G7,"No") -> Bangladesh
A8: 7 | B8: 07-10-2023 | C8: South Africa | D8: Sri Lanka | E8: Arun Jaitley Stadium | F8: Delhi | G8: Sri Lanka | H8: Field | I8: 428 | J8: 5 | K8: 50 | L8: 8.56 | M8: 59 | N8: 20 | O8: Win | P8: =IF(O8="Win",C8,D8) -> South Africa | Q8: Aiden Markram | R8: South Africa | S8: =IF(G8=P8,G8,"No") -> No
A9: 8 | B9: 07-10-2023 | C9: Sri Lanka | D9: South Africa | E9: Arun Jaitley Stadium | F9: Delhi | G9: Sri Lanka | H9: Field | I9: 326 | J9: 10 | K9: 44.5 | L9: 7.27 | M9: 48 | N9: 23 | O9: Loss | P9: =IF(O9="Win",C9,D9) -> South Africa | Q9: Aiden Markram | R9: South Africa | S9: =IF(G9=P9,G9,"No") -> No
A10: 9 | B10: 08-10-2023 | C10: Australia | D10: India | E10: M. A. Chidambaram Stadium | F10: Chennai | G10: Australia | H10: Bat | I10: 199 | J10: 10 | K10: 49.3 | L10: 4.02 | M10: 18 | N10: 8 | O10: Loss | P10: =IF(O10="Win",C10,D10) -> India | Q10: KL Rahul | R10: India | S10: =IF(G10=P10,G10,"No") -> No
A11: 10 | B11: 08-10-2023 | C11: India | D11: Australia | E11: M. A. Chidambaram Stadium | F11: Chennai | G11: Australia | H11: Bat | I11: 201 | J11: 4 | K11: 41.2 | L11: 4.86 | M11: 17 | N11: 12 | O11: Win | P11: =IF(O11="Win",C11,D11) -> India | Q11: KL Rahul | R11: India | S11: =IF(G11=P11,G11,"No") -> No
A12: 11 | B12: 09-10-2023 | C12: NewZealand | D12: Netherlands | E12: Rajiv Gandhi International Stadium | F12: Hyderabad | G12: Netherlands | H12: Field | I12: 322 | J12: 7 | K12: 50 | L12: 6.44 | M12: 40 | N12: 4 | O12: Win | P12: =IF(O12="Win",C12,D12) -> NewZealand | Q12: Mitchell Santner | R12: NewZealand | S12: =IF(G12=P12,G12,"No") -> No
A13: 12 | B13: 09-10-2023 | C13: Netherlands | D13: NewZealand | E13: Rajiv Gandhi International Stadium | F13: Hyderabad | G13: Netherlands | H13: Field | I13: 223 | J13: 10 | K13: 46.3 | L13: 4.79 | M13: 22 | N13: 13 | O13: Loss | P13: =IF(O13="Win",C13,D13) -> NewZealand | Q13: Mitchell Santner | R13: NewZealand | S13: =IF(G13=P13,G13,"No") -> No
... A77: 76 | B77: 06-11-2023 | C77: Bangladesh | D77: Sri Lanka | E77: Arun Jaitley Stadium | F77: Delhi | G77: Bangladesh | H77: Field | I77: 282 | J77: 7 | K77: 41.1 | L77: 6.85 | M77: 40 | N77: 6 | O77: Win | P77: =IF(O77="Win",C77,D77) -> Bangladesh | Q77: Shakib Al Hasan | R77: Bangladesh | S77: =IF(G77=P77,G77,"No") -> Bangladesh
A78: 77 | B78: 07-11-2023 | C78: Australia | D78: Afghanistan | E78: Wankhede Stadium | F78: Mumbai | G78: Afghanistan | H78: Bat | I78: 293 | J78: 7 | K78: 46.5 | L78: 6.25 | M78: 42 | N78: 16 | O78: Win | P78: =IF(O78="Win",R78,D78) -> Australia | Q78: Glenn Maxwell | R78: Australia | S78: =IF(G78=P78,G78,"No") -> No
A79: 78 | B79: 07-11-2023 | C79: Afghanistan | D79: Australia | E79: Wankhede Stadium | F79: Mumbai | G79: Afghanistan | H79: Bat | I79: 291 | J79: 5 | K79: 50 | L79: 5.82 | M79: 25 | N79: 15 | O79: Loss | P79: =IF(O79="Win",C79,D79) -> Australia | Q79: Glenn Maxwell | R79: Australia | S79: =IF(G79=P79,G79,"No") -> No
A80: 79 | B80: 08-11-2023 | C80: England | D80: Netherlands | E80: Maharashtra Cricket Association Stadium | F80: Pune | G80: England | H80: Bat | I80: 179 | J80: 10 | K80: 37.2 | L80: 4.79 | M80: 36 | N80: 8 | O80: Win | P80: =IF(O80="Win",C80,D80) -> England | Q80: Ben Stokes | R80: England | S80: =IF(G80=P80,G80,"No") -> England
A81: 80 | B81: 08-11-2023 | C81: Netherlands | D81: England | E81: Maharashtra Cricket Association Stadium | F81: Pune | G81: England | H81: Bat | I81: 339 | J81: 9 | K81: 50 | L81: 6.78 | M81: 21 | N81: 21 | O81: Loss | P81: =IF(O81="Win",C81,D81) -> England | Q81: Ben Stokes | R81: England | S81: =IF(G81=P81,G81,"No") -> England
A82: 81 | B82: 09-11-2023 | C82: NewZealand | D82: Sri Lanka | E82: M. Chinnaswamy Stadium | F82: Bangalore | G82: NewZealand | H82: Field | I82: 171 | J82: 10 | K82: 46.4 | L82: 3.66 | M82: 28 | N82: 4 | O82: Win | P82: =IF(O82="Win",C82,D82) -> NewZealand | Q82: Trent Boult | R82: NewZealand | S82: =IF(G82=P82,G82,"No") -> NewZealand
A83: 82 | B83: 09-11-2023 | C83: Sri Lanka | D83: NewZealand | E83: M. Chinnaswamy Stadium | F83: Bangalore | G83: NewZealand | H83: Field | I83: 172 | J83: 5 | K83: 23.2 | L83: 7.37 | M83: 24 | N83: 2 | O83: Loss | P83: =IF(O83="Win",C83,D83) -> NewZealand | Q83: Trent Boult | R83: NewZealand | S83: =IF(G83=P83,G83,"No") -> NewZealand
A84: 83 | B84: 10-11-2023 | C84: Afghanistan | D84: South Africa | E84: Narendra Modi Stadium | F84: Ahmedabad | G84: Afghanistan | H84: Bat | I84: 244 | J84: 10 | K84: 50 | L84: 4.88 | M84: 26 | N84: 9 | O84: Loss | P84: =IF(O84="Win",C84,D84) -> South Africa | Q84: Rassie van der Dussen | R84: South Africa | S84: =IF(G84=P84,G84,"No") -> No
A85: 84 | B85: 10-11-2023 | C85: South Africa | D85: Afghanistan | E85: Narendra Modi Stadium | F85: Ahmedabad | G85: Afghanistan | H85: Bat | I85: 247 | J85: 5 | K85: 47.3 | L85: 5.2 | M85: 24 | N85: 15 | O85: Win | P85: =IF(O85="Win",C85,D85) -> South Africa | Q85: Rassie van der Dussen | R85: South Africa | S85: =IF(G85=P85,G85,"No") -> No
A86: 85 | B86: 11-11-2023 | C86: Australia | D86: Bangladesh | E86: Maharashtra Cricket Association Stadium | F86: Pune | G86: Australia | H86: Field | I86: 306 | J86: 8 | K86: 50 | L86: 6.12 | M86: 39 | N86: 24 | O86: Win | P86: =IF(O86="Win",C86,D86) -> Australia | Q86: Mitchell Marsh | R86: Australia | S86: =IF(G86=P86,G86,"No") -> Australia
A87: 86 | B87: 11-11-2023 | C87: Bangladesh | D87: Australia | E87: Maharashtra Cricket Association Stadium | F87: Pune | G87: Australia | H87: Field | I87: 307 | J87: 2 | K87: 44.4 | L87: 6.87 | M87: 33 | N87: 4 | O87: Loss | P87: =IF(O87="Win",C87,D87) -> Australia | Q87: Mitchell Marsh | R87: Australia | S87: =IF(G87=P87,G87,"No") -> Australia
A88: 87 | B88: 11-11-2023 | C88: England | D88: Pakistan | E88: Eden Gardens | F88: Kolkata | G88: England | H88: Bat | I88: 244 | J88: 10 | K88: 50 | L88: 6.74 | M88: 33 | N88: 19 | O88: Win | P88: =IF(O88="Win",C88,D88) -> England | Q88: David Willey | R88: England | S88: =IF(G88=P88,G88,"No") -> England
A89: 88 | B89: 11-11-2023 | C89: Pakistan | D89: England | E89: Eden Gardens | F89: Kolkata | G89: England | H89: Bat | I89: 337 | J89: 9 | K89: 43.3 | L89: 5.6 | M89: 43 | N89: 6 | O89: Loss | P89: =IF(O89="Win",C89,D89) -> England | Q89: David Willey | R89: England | S89: =IF(G89=P89,G89,"No") -> England
A90: 89 | B90: 12-11-2023 | C90: India | D90: Netherlands | E90: M. Chinnaswamy Stadium | F90: Bangalore | G90: India | H90: Bat | I90: 410 | J90: 4 | K90: 50 | L90: 8.2 | M90: 53 | N90: 13 | O90: Win | P90: =IF(O90="Win",C90,D90) -> India | Q90: Shreyas Iyer | R90: India | S90: =IF(G90=P90,G90,"No") -> India
... A97: 96 | B97: 19-11-2023 | C97: Australia | D97: India | E97: Narendra Modi Stadium | F97: Ahmedabad | G97: Australia | H97: Field | I97: 241 | J97: 4 | K97: 43 | L97: 5.6 | M97: 27 | N97: 12 | O97: Win | P97: =IF(O97="Win",C97,D97) -> Australia | Q97: Travis Head | R97: Australia | S97: =IF(G97=P97,G97,"No") -> Australia

Sheet Team Wise Statistics
A1: Team | B1: Matches | C1: Wins | D1: Losses | E1: Win % | F1: Runs Scored | G1: Avg Runs | H1: Boundaries | I1: Toss Wins | J1: Toss Win %
A2: Afghanistan | B2: =COUNTIF('Table A'!$F$2:$G$49,A2) -> 9 | C2: =COUNTIF('Table A'!$AL$2:$AL$49,A2) -> 4 | D2: =B2-C2 -> 5 | E2: =C2/B2 -> 0.44444444 | F2: =SUMIF('Pivot Data'!C:C,A2,'Pivot Data'!I:I) -> 2093 | G2: =F2/B2 -> 232.55556 | H2: =SUMIF('Pivot Data'!C:C,A2,'Pivot Data'!M:M) -> 220 | I2: =COUNTIF('Table A'!H2:H49,A2) -> 5 | J2: =I2/B2 -> 0.55555556
A3: Australia | B3: =COUNTIF('Table A'!$F$2:$G$49,A3) -> 11 | C3: =COUNTIF('Table A'!$AL$2:$AL$49,A3) -> 9 | D3: =B3-C3 -> 2 | E3: =C3/B3 -> 0.81818182 | F3: =SUMIF('Pivot Data'!C:C,A3,'Pivot Data'!I:I) -> 3086 | G3: =F3/B3 -> 280.54545 | H3: =SUMIF('Pivot Data'!C:C,A3,'Pivot Data'!M:M) -> 384 | I3: =COUNTIF('Table A'!H3:H50,A3) -> 5 | J3: =I3/B3 -> 0.45454545
A4: Bangladesh | B4: =COUNTIF('Table A'!$F$2:$G$49,A4) -> 9 | C4: =COUNTIF('Table A'!$AL$2:$AL$49,A4) -> 2 | D4: =B4-C4 -> 7 | E4: =C4/B4 -> 0.22222222 | F4: =SUMIF('Pivot Data'!C:C,A4,'Pivot Data'!I:I) -> 2142 | G4: =F4/B4 -> 238 | H4: =SUMIF('Pivot Data'!C:C,A4,'Pivot Data'!M:M) -> 231 | I4: =COUNTIF('Table A'!H4:H51,A4) -> 5 | J4: =I4/B4 -> 0.55555556
A5: England | B5: =COUNTIF('Table A'!$F$2:$G$49,A5) -> 9 | C5: =COUNTIF('Table A'!$AL$2:$AL$49,A5) -> 3 | D5: =B5-C5 -> 6 | E5: =C5/B5 -> 0.33333333 | F5: =SUMIF('Pivot Data'!C:C,A5,'Pivot Data'!I:I) -> 1992 | G5: =F5/B5 -> 221.33333 | H5: =SUMIF('Pivot Data'!C:C,A5,'Pivot Data'!M:M) -> 257 | I5: =COUNTIF('Table A'!H5:H52,A5) -> 7 | J5: =I5/B5 -> 0.77777778
A6: India | B6: =COUNTIF('Table A'!$F$2:$G$49,A6) -> 11 | C6: =COUNTIF('Table A'!$AL$2:$AL$49,A6) -> 10 | D6: =B6-C6 -> 1 | E6: =C6/B6 -> 0.90909091 | F6: =SUMIF('Pivot Data'!C:C,A6,'Pivot Data'!I:I) -> 3160 | G6: =F6/B6 -> 287.27273 | H6: =SUMIF('Pivot Data'!C:C,A6,'Pivot Data'!M:M) -> 369 | I6: =COUNTIF('Table A'!H6:H53,A6) -> 5 | J6: =I6/B6 -> 0.45454545
A7: Netherlands | B7: =COUNTIF('Table A'!$F$2:$G$49,A7) -> 9 | C7: =COUNTIF('Table A'!$AL$2:$AL$49,A7) -> 2 | D7: =B7-C7 -> 7 | E7: =C7/B7 -> 0.22222222 | F7: =SUMIF('Pivot Data'!C:C,A7,'Pivot Data'!I:I) -> 1937 | G7: =F7/B7 -> 215.22222 | H7: =SUMIF('Pivot Data'!C:C,A7,'Pivot Data'!M:M) -> 197 | I7: =COUNTIF('Table A'!H7:H54,A7) -> 4 | J7: =I7/B7 -> 0.44444444
A8: NewZealand | B8: =COUNTIF('Table A'!$F$2:$G$49,A8) -> 10 | C8: =COUNTIF('Table A'!$AL$2:$AL$49,A8) -> 5 | D8: =B8-C8 -> 5 | E8: =C8/B8 -> 0.5 | F8: =SUMIF('Pivot Data'!C:C,A8,'Pivot Data'!I:I) -> 2863 | G8: =F8/B8 -> 286.3 | H8: =SUMIF('Pivot Data'!C:C,A8,'Pivot Data'!M:M) -> 348 | I8: =COUNTIF('Table A'!H8:H55,A8) -> 4 | J8: =I8/B8 -> 0.4
A9: Pakistan | B9: =COUNTIF('Table A'!$F$2:$G$49,A9) -> 9 | C9: =COUNTIF('Table A'!$AL$2:$AL$49,A9) -> 4 | D9: =B9-C9 -> 5 | E9: =C9/B9 -> 0.44444444 | F9: =SUMIF('Pivot Data'!C:C,A9,'Pivot Data'!I:I) -> 2420 | G9: =F9/B9 -> 268.88889 | H9: =SUMIF('Pivot Data'!C:C,A9,'Pivot Data'!M:M) -> 290 | I9: =COUNTIF('Table A'!H9:H56,A9) -> 4 | J9: =I9/B9 -> 0.44444444
A10: South Africa | B10: =COUNTIF('Table A'!$F$2:$G$49,A10) -> 10 | C10: =COUNTIF('Table A'!$AL$2:$AL$49,A10) -> 7 | D10: =B10-C10 -> 3 | E10: =C10/B10 -> 0.7 | F10: =SUMIF('Pivot Data'!C:C,A10,'Pivot Data'!I:I) -> 2897 | G10: =F10/B10 -> 289.7 | H10: =SUMIF('Pivot Data'!C:C,A10,'Pivot Data'!M:M) -> 341 | I10: =COUNTIF('Table A'!H10:H57,A10) -> 3 | J10: =I10/B10 -> 0.3
A11: Sri Lanka | B11: =COUNTIF('Table A'!$F$2:$G$49,A11) -> 9 | C11: =COUNTIF('Table A'!$AL$2:$AL$49,A11) -> 2 | D11: =B11-C11 -> 7 | E11: =C11/B11 -> 0.22222222 | F11: =SUMIF('Pivot Data'!C:C,A11,'Pivot Data'!I:I) -> 2049 | G11: =F11/B11 -> 227.66667 | H11: =SUMIF('Pivot Data'!C:C,A11,'Pivot Data'!M:M) -> 248 | I11: =COUNTIF('Table A'!H11:H58,A11) -> 2 | J11: =I11/B11 -> 0.22222222

Sheet Match Wise
A1: Enter Match ID | B1: Wining Team | C1: Losing Team | D1: Man of the Match | E1: Sum of Score A | F1: Sum of Score B | G1: Sum of Wickets A | H1: Sum of Wickets B | I1: Sum of Overs Played A | J1: Sum of Overs Played B
A2: 1 | B2: =VLOOKUP($A$2,'Table A'!1:1048576,38) -> NewZealand | C2: =VLOOKUP($A$2,'Table A'!1:1048576,39) -> England | D2: =VLOOKUP($A$2,'Table A'!1:1048576,41) -> Rachin Ravindra | E2: =VLOOKUP($A$2,'Table A'!1:1048576,10) -> 282 | F2: =VLOOKUP($A$2,'Table A'!1:1048576,24) -> 283 | G2: =VLOOKUP($A$2,'Table A'!1:1048576,11) -> 9 | H2: =VLOOKUP($A$2,'Table A'!1:1048576,25) -> 1 | I2: =VLOOKUP($A$2,'Table A'!1:1048576,12) -> 50 | J2: =VLOOKUP($A$2,'Table A'!1:1048576,26) -> 36.2

Sheet Pivot Table
A3: Teams | B3: Total Runs | D3: Venue | E3: Average Runs | G3: Matches | H3: Column Labels | M3: Teams | N3: Average Runs | O3: Average of Run Rate
A4: Afghanistan | B4: 2093 | D4: Arun Jaitley Stadium | E4: 284.8 | G4: Teams | H4: Loss | I4: Win | J4: (blank) | K4: Grand Total | M4: Afghanistan | N4: 232.55556 | O4: 5
A5: Australia | B5: 3086 | D5: BRSABV Ekana Cricket Stadium | E5: 215.5 | G5: Afghanistan | H5: 5 | I5: 4 | K5: 9 | M5: Australia | N5: 280.54545 | O5: 5.99
A6: Bangladesh | B6: 2142 | D6: Eden Gardens | E6: 224 | G6: Australia | H6: 2 | I6: 9 | K6: 11 | M6: Bangladesh | N6: 238 | O6: 5.4277778
A7: England | B7: 1992 | D7: HPCA Stadium | E7: 267.5 | G7: Bangladesh | H7: 7 | I7: 2 | K7: 9 | M7: England | N7: 221.33333 | O7: 5.6777778
A8: India | B8: 3160 | D8: M. A. Chidambaram Stadium | E8: 242.9 | G8: England | H8: 6 | I8: 3 | K8: 9 | M8: India | N8: 287.27273 | O8: 6.3736364
A9: Netherlands | B9: 1937 | D9: M. Chinnaswamy Stadium | E9: 259.2 | G9: India | H9: 1 | I9: 10 | K9: 11 | M9: Netherlands | N9: 215.22222 | O9: 5.1244444
A10: NewZealand | B10: 2863 | D10: Maharashtra Cricket Association Stadium | E10: 265.5 | G10: Netherlands | H10: 7 | I10: 2 | K10: 9 | M10: NewZealand | N10: 286.3 | O10: 6.195
A11: Pakistan | B11: 2420 | D11: Narendra Modi Stadium | E11: 245.9 | G11: NewZealand | H11: 5 | I11: 5 | K11: 10 | M11: Pakistan | N11: 268.88889 | O11: 5.9422222
A12: South Africa | B12: 2897 | D12: Rajiv Gandhi International Stadium | E12: 308.5 | G12: Pakistan | H12: 5 | I12: 4 | K12: 9 | M12: South Africa | N12: 289.7 | O12: 6.01
A13: Sri Lanka | B13: 2049 | D13: Wankhede Stadium | E13: 290.4 | G13: South Africa | H13: 3 | I13: 7 | K13: 10 | M13: Sri Lanka | N13: 227.66667 | O13: 5.6966667
A14: (blank) | D14: (blank) | G14: Sri Lanka | H14: 7 | I14: 2 | K14: 9 | M14: (blank)
A15: Grand Total | B15: 24639 | D15: Grand Total | E15: 256.65625 | G15: (blank) | M15: Grand Total | N15: 256.65625 | O15: 5.7694792
D16: Result | E16: (All) | G16: Grand Total | H16: 48 | I16: 48 | K16: 96
A17: Teams | B17: Total Boundaries
A18: Afghanistan | B18: 220 | D18: Toss Decision | E18: Matches
A19: Australia | B19: 384 | D19: Bat | E19: 44
A20: Bangladesh | B20: 231 | D20: Field | E20: 52
A21: England | B21: 257 | D21: (blank)
A22: India | B22: 369 | D22: Grand Total | E22: 96
A23: Netherlands | B23: 197
A24: NewZealand | B24: 348
A25: Pakistan | B25: 290
A26: South Africa | B26: 341
A27: Sri Lanka | B27: 248
A28: (blank)
A29: Grand Total | B29: 2885

Sheet Charts

Sheet Statistics
E2: Cricket World Cup 2023 Statistics
G7: Total Matches Played
G8: =COUNT('Table A'!A2:A49) -> 48
E11: Total Runs Scored | G11: Total Wickets Taken | I11: Lowest Team Score
E12: {=SUM('Table A'!J2:J49+'Table A'!X2:X49)} -> 24639 | G12: =SUM('Table A'!K2:K49,'Table A'!Y2:Y49) -> 730 | I12: =MIN('Table A'!J2:J49,'Table A'!X2:X49) -> 55
E16: Highest Team Score | G16: Average Wickets Taken | I16: Average Innings Score
E17: =MAX('Pivot Data'!I:I) -> 428 | G17: =AVERAGE('Table A'!K2:K49,'Table A'!Y2:Y49) -> 7.6041667 | I17: =AVERAGE('Table A'!J2:J49,'Table A'!X2:X49) -> 256.65625
G20: Toss Win Percentage
G21: =COUNTIF('Table A'!AT2:AT49,"yes")/48 -> 0.39583333

Sheet Dashboard
